Actif,Mot_Cle,Codes_ROME,Code_Lieu,Type_Lieu,Km,Contrat
TRUE,Economie circulaire,,,france,50,"CDI,CDD,MIS"
TRUE,Directeur Projet,"M1302,A1303,M1402,K1802,K2306,K2111,H2502,M1802,K1401,H1302,K2103,A1301,K2302,M1301,M1703,K2402,M1503,M1707,H1402",76,region,,"CDI,CDD,MIS"
TRUE,Directeur Programme,"M1302,A1303,M1402,K1802,K2306,K2111,H2502,M1802,K1401,H1302,K2103,A1301,K2302,M1301,M1703,K2402,M1503,M1707,H1402",76,region,,"CDI,CDD,MIS"
TRUE,Directeur Opérations,"M1302,A1303,M1402,K1802,K2306,K2111,H2502,M1802,K1401,H1302,K2103,A1301,K2302,M1301,M1703,K2402,M1503,M1707,H1402",76,region,,"CDI,CDD,MIS"
TRUE,Directeur Innovation,"M1302,A1303,M1402,K1802,K2306,K2111,H2502,M1802,K1401,H1302,K2103,A1301,K2302,M1301,M1703,K2402,M1503,M1707,H1402",,france,,"CDI,CDD,MIS"
TRUE,Directeur Stratégie,"M1302,A1303,M1402,K1802,K2306,K2111,H2502,M1802,K1401,H1302,K2103,A1301,K2302,M1301,M1703,K2402,M1503,M1707,H1402",76,region,,"CDI,CDD,MIS"
TRUE,Directeur RSE,"M1302,A1303,M1402,K1802,K2306,K2111,H2502,M1802,K1401,H1302,K2103,A1301,K2302,M1301,M1703,K2402,M1503,M1707,H1402",76,region,,"CDI,CDD,MIS"
TRUE,Directeur Développement,"M1302,A1303,M1402,K1802,K2306,K2111,H2502,M1802,K1401,H1302,K2103,A1301,K2302,M1301,M1703,K2402,M1503,M1707,H1402",76,region,,"CDI,CDD,MIS"
TRUE,Chef de Mission,"M1302,A1303,M1402,K1802,K2306,K2111,H2502,M1802,K1401,H1302,K2103,A1301,K2302,M1301,M1703,K2402,M1503,M1707,H1402",76,region,,"CDI,CDD,MIS"
TRUE,Country Manager,"M1302,A1303,M1402,K1802,K2306,K2111,H2502,M1802,K1401,H1302,K2103,A1301,K2302,M1301,M1703,K2402,M1503,M1707,H1402",,france,,"CDI,CDD,MIS"
TRUE,Responsable Programme,"M1302,A1303,M1402,K1802,K2306,K2111,H2502,M1802,K1401,H1302,K2103,A1301,K2302,M1301,M1703,K2402,M1503,M1707,H1402",76,region,,"CDI,CDD,MIS"
TRUE,Responsable Agroécologie,"M1302,A1303,M1402,K1802,K2306,K2111,H2502,M1802,K1401,H1302,K2103,A1301,K2302,M1301,M1703,K2402,M1503,M1707,H1402",,france,,"CDI,CDD,MIS"
TRUE,Responsable Économie Circulaire,,,france,,"CDI,CDD,MIS"
TRUE,Expert Déchets,"M1302,A1303,M1402,K1802,K2306,K2111,H2502,M1802,K1401,H1302,K2103,A1301,K2302,M1301,M1703,K2402,M1503,M1707,H1402",,france,,"CDI,CDD,MIS"
TRUE,Directeur Transition,"M1302,A1303,M1402,K1802,K2306,K2111,H2502,M1802,K1401,H1302,K2103,A1301,K2302,M1301,M1703,K2402,M1503,M1707,H1402",,france,,"CDI,CDD,MIS"
TRUE,Manager Transition,"M1302,A1303,M1402,K1802,K2306,K2111,H2502,M1802,K1401,H1302,K2103,A1301,K2302,M1301,M1703,K2402,M1503,M1707,H1402",76,region,,"CDI,CDD,MIS"
TRUE,Consultant Senior,"M1302,A1303,M1402,K1802,K2306,K2111,H2502,M1802,K1401,H1302,K2103,A1301,K2302,M1301,M1703,K2402,M1503,M1707,H1402",76,region,,"CDI,CDD,MIS"
TRUE,Secrétaire Général,"M1302,A1303,M1402,K1802,K2306,K2111,H2502,M1802,K1401,H1302,K2103,A1301,K2302,M1301,M1703,K2402,M1503,M1707,H1402",76,region,,"CDI,CDD,MIS"
TRUE,Délégué Général,"M1302,A1303,M1402,K1802,K2306,K2111,H2502,M1802,K1401,H1302,K2103,A1301,K2302,M1301,M1703,K2402,M1503,M1707,H1402",76,region,,"CDI,CDD,MIS"
TRUE,Coordinateur Régional,"M1302,A1303,M1402,K1802,K2306,K2111,H2502,M1802,K1401,H1302,K2103,A1301,K2302,M1301,M1703,K2402,M1503,M1707,H1402",76,region,,"CDI,CDD,MIS"
TRUE,Head of,"M1302,A1303,M1402,K1802,K2306,K2111,H2502,M1802,K1401,H1302,K2103,A1301,K2302,M1301,M1703,K2402,M1503,M1707,H1402",76,region,,"CDI,CDD,MIS"
TRUE,Directeur Tech,"M1302,A1303,M1402,K1802,K2306,K2111,H2502,M1802,K1401,H1302,K2103,A1301,K2302,M1301,M1703,K2402,M1503,M1707,H1402",76,region,,"CDI,CDD,MIS"