Type,Categorie,Valeur,Actif,Priorite,Raison,Date Création,Impact
BLACKLIST,Titre,Stagiaire,TRUE,1,Niveau insuffisant,01/11/2025,Négligeable
BLACKLIST,Titre,Stage,TRUE,1,Niveau insuffisant,01/11/2025,Négligeable
BLACKLIST,Titre,Alternance,TRUE,1,Niveau insuffisant,01/11/2025,Négligeable
BLACKLIST,Titre,Apprenti,TRUE,1,Niveau insuffisant,01/11/2025,Négligeable
BLACKLIST,Titre,Junior,TRUE,1,Niveau insuffisant,02/11/2025,Négligeable
BLACKLIST,Titre,Débutant,TRUE,1,Niveau insuffisant,02/11/2025,Négligeable
BLACKLIST,Titre,Assistant,TRUE,2,Niveau insuffisant (Sauf Assistant Direction - Risqué),03/11/2025,Faible
BLACKLIST,Titre,Technicien,TRUE,1,Trop opérationnel (Tu es Directeur),04/11/2025,Négligeable
BLACKLIST,Titre,Agent,TRUE,1,Niveau insuffisant,04/11/2025,Négligeable
BLACKLIST,Titre,Vendeur,TRUE,1,Niveau insuffisant,05/11/2025,Négligeable
BLACKLIST,Titre,Commercial,TRUE,2,Trop opérationnel (Sauf Dir. Co.),06/11/2025,Faible
BLACKLIST,Titre,Infirmier,TRUE,1,Bruit secteur santé (Ton historique),07/11/2025,Négligeable
BLACKLIST,Titre,Médecin,TRUE,1,Bruit secteur santé,07/11/2025,Négligeable
BLACKLIST,Titre,Aide-soignant,TRUE,1,Bruit secteur santé,08/11/2025,Négligeable
BLACKLIST,Titre,Développeur,TRUE,2,Trop opérationnel (Tu diriges la tech),09/11/2025,Faible
BLACKLIST,Titre,Cuisinier,TRUE,1,Bruit secteur restauration (Ton historique),10/11/2025,Négligeable
BLACKLIST,Titre,Serveur,TRUE,1,Bruit secteur restauration,10/11/2025,Négligeable
BLACKLIST,Titre,Chauffeur,TRUE,1,Bruit logistique,11/11/2025,Négligeable
PENALTY,Description,"""Devenir franchisé""",TRUE,-19,Arnaque temps (Faux poste),12/11/2025,Élevé
PENALTY,Description,"""Apport personnel""",TRUE,-17,Indicateur de franchise,12/11/2025,Élevé
BLACKLIST,Description,"""Droit d'entrée""",TRUE,10,Indicateur de franchise,12/11/2025,Élevé
BLACKLIST,Description,"""Ouvrir votre agence""",TRUE,10,Indicateur de franchise,13/11/2025,Élevé
BLACKLIST,Description,"""Indépendant""",TRUE,5,Souvent synonyme de VRP sans fixe,14/11/2025,Modéré
BLACKLIST,Description,"""Commissions non plafonnées""",TRUE,5,Indicateur de poste précaire,15/11/2025,Modéré
BLACKLIST,Description,"""Mandataire""",TRUE,5,Statut non salarié,16/11/2025,Modéré
BLACKLIST,Entreprise,Midas,TRUE,5,Franchise auto,17/11/2025,Modéré
BLACKLIST,Entreprise,Norauto,TRUE,5,Franchise auto,17/11/2025,Modéré
BLACKLIST,Entreprise,Temporis,TRUE,5,Franchise intérim,18/11/2025,Modéré
BLACKLIST,Entreprise,Proman,TRUE,5,Intérim générique,18/11/2025,Modéré
BLACKLIST,Entreprise,Kangourou Kids,TRUE,5,Service à la personne (Franchise),19/11/2025,Modéré
BLACKLIST,Entreprise,Shiva,TRUE,5,Service à la personne (Franchise),19/11/2025,Modéré
BLACKLIST,Entreprise,Babychou,TRUE,5,Service à la personne (Franchise),20/11/2025,Modéré
BLACKLIST,Entreprise,IAD France,TRUE,5,Immobilier MLM,21/11/2025,Modéré
BLACKLIST,Entreprise,Safti,TRUE,5,Immobilier MLM,21/11/2025,Modéré
BLACKLIST,Entreprise,Capifrance,TRUE,5,Immobilier MLM,22/11/2025,Modéré
WHITELIST,Entreprise,ADEME,TRUE,1,Cible institutionnelle Transition,23/11/2025,Fort
WHITELIST,Entreprise,AFD,TRUE,1,Cible institutionnelle Dév.,23/11/2025,Fort
WHITELIST,Entreprise,Expertise France,TRUE,1,Cible institutionnelle,24/11/2025,Fort
WHITELIST,Entreprise,Enabel,TRUE,1,Cible Prioritaire (Ton historique),24/11/2025,Fort
WHITELIST,Entreprise,GIZ,TRUE,1,Cible institutionnelle,25/11/2025,Fort
WHITELIST,Entreprise,ACTED,TRUE,1,ONG Cible,26/11/2025,Fort
WHITELIST,Entreprise,"""Action Contre la Faim""",TRUE,1,ONG Cible,26/11/2025,Fort
WHITELIST,Entreprise,"""Solidarités International""",TRUE,1,ONG Cible,27/11/2025,Fort
BONUS,Entreprise,"""Croix-Rouge""",TRUE,13,ONG Cible,27/11/2025,Fort
WHITELIST,Entreprise,"""Médecins Sans Frontières""",TRUE,1,ONG Cible,28/11/2025,Fort
WHITELIST,Description,"""Bailleurs de fonds""",TRUE,5,Marqueur fort de ton profil,29/11/2025,Modéré
WHITELIST,Description,"""Union Européenne""",TRUE,5,Marqueur fort de ton profil,29/11/2025,Modéré
WHITELIST,Description,"""Banque Mondiale""",TRUE,5,Marqueur fort de ton profil,30/11/2025,Modéré
BONUS,Description,"""Agroécologie""",TRUE,20,Expertise clé,01/12/2025,Très Fort
BONUS,Description,"""Lombricompostage""",TRUE,30,Niche expertise absolue (Imisiba/Vers la Terre),02/12/2025,Maximal
BONUS,Description,"""Sols vivants""",TRUE,20,Expertise technique,03/12/2025,Très Fort
BONUS,Description,"""Afrique""",TRUE,15,Zone géographique expertise,04/12/2025,Fort
BONUS,Description,"""Burundi""",TRUE,50,Expertise géographique rare,05/12/2025,Maximal
BONUS,Description,"""Grands Lacs""",TRUE,20,Zone géographique expertise,06/12/2025,Très Fort
BONUS,Description,"""Systèmes d'Information""",TRUE,10,Double compétence Tech,07/12/2025,Fort
BONUS,Description,10 ans d'expérience,TRUE,27,Profil senior,19/12/2025,
BONUS,Description,15 ans d'expérience,TRUE,22,Profil très senior,19/12/2025,
BLACKLIST,Description,20h/semaine,TRUE,2,Temps partiel,19/12/2025,
WHITELIST,Entreprise,ACF,TRUE,1,ONG humanitaire,19/12/2025,
WHITELIST,Entreprise,ACTED,TRUE,1,ONG développement urgence,19/12/2025,
WHITELIST,Entreprise,Action contre la Faim,TRUE,1,ONG humanitaire,19/12/2025,
BLACKLIST,Entreprise,Actual,TRUE,2,Interim,19/12/2025,
BLACKLIST,Entreprise,Adecco,TRUE,2,Interim (sauf postes internes),19/12/2025,
WHITELIST,Entreprise,ADEME,TRUE,1,Agence transition écologique,19/12/2025,
PENALTY,Titre,adjoint,TRUE,-5,Niveau N-1 (sauf directeur adjoint),19/12/2025,
PENALTY,Description,adjoint,TRUE,-5,Niveau N-1 (sauf directeur adjoint),20/12/2025,
BLACKLIST,Titre,administrateur réseau,TRUE,1,Tech - hors compétence cible,19/12/2025,
BLACKLIST,Titre,administrateur système,TRUE,1,Tech - hors compétence cible,19/12/2025,
BONUS,Titre,advocacy,TRUE,12,Plaidoyer (EN),19/12/2025,
BONUS,Description,advocacy,TRUE,12,Plaidoyer (EN),20/12/2025,
WHITELIST,Entreprise,AFD,TRUE,1,Agence Française Développement,19/12/2025,
BONUS,Titre,africa,TRUE,29,Zone géographique cible (EN),19/12/2025,
BONUS,Titre,afrique,TRUE,12,Zone géographique cible,20/12/2025,
BONUS,Description,afrique,TRUE,50,Zone géographique cible,19/12/2025,
BLACKLIST,Entreprise,Age d'Or,TRUE,1,Réseau de franchises SAP,20/12/2025,
BONUS,Entreprise,Agence,TRUE,8,Agence publique,19/12/2025,
BLACKLIST,Titre,agent,TRUE,1,Niveau opérationnel,19/12/2025,
BLACKLIST,Titre,agent d'entretien,TRUE,1,Services opérationnels,19/12/2025,
BLACKLIST,Titre,agent de nettoyage,TRUE,1,Services opérationnels,19/12/2025,
BONUS,Titre,agriculture biologique,TRUE,31,Agriculture bio,19/12/2025,
BONUS,Description,agriculture biologique,TRUE,38,Agriculture bio,19/12/2025,
BONUS,Titre,agriculture durable,TRUE,20,Agro durable,20/12/2025,
BONUS,Description,agriculture durable,TRUE,46,Agro durable,19/12/2025,
BONUS,Titre,agro-écologie,TRUE,25,Cœur de métier (avec tiret),20/12/2025,
BONUS,Description,agro-écologie,TRUE,44,Cœur de métier (avec tiret),19/12/2025,
BONUS,Titre,agroecologie,TRUE,25,Cœur de métier (sans accent),20/12/2025,
BONUS,Description,agroecologie,TRUE,43,Cœur de métier (sans accent),19/12/2025,
BONUS,Titre,agroécologie,TRUE,33,Cœur de métier / Passion,20/12/2025,
BLACKLIST,Titre,aide,TRUE,1,Niveau subalterne,15/12/2025,
BLACKLIST,Titre,aide-comptable,TRUE,1,Finance junior,19/12/2025,
PENALTY,Titre,aide-soignant,TRUE,-50,Santé opérationnel,19/12/2025,
BLACKLIST,Titre,alternance,TRUE,1,Type contrat non pertinent,19/12/2025,
BLACKLIST,Titre,alternant,TRUE,1,Type contrat non pertinent,15/12/2025,
BLACKLIST,Entreprise,Amelis,TRUE,1,Réseau de franchises SAP,19/12/2025,
BONUS,Description,anglais bilingue,TRUE,28,Compétence linguistique,19/12/2025,
PENALTY,Description,anglais courant,TRUE,-5,Compétence linguistique,19/12/2025,
BLACKLIST,Titre,animateur commercial,TRUE,1,Animation vente,19/12/2025,
BONUS,Description,animation d'équipe,TRUE,8,Management,19/12/2025,
BLACKLIST,Entreprise,APEF,TRUE,1,Réseau de franchises SAP,19/12/2025,
BONUS,Description,appels d'offres,TRUE,8,Marchés publics,19/12/2025,
BLACKLIST,Description,apport financier,TRUE,1,Investissement requis = franchise,19/12/2025,
BLACKLIST,Description,apport personnel,TRUE,1,Investissement requis = franchise,19/12/2025,
BLACKLIST,Titre,apprenti,TRUE,1,Type contrat non pertinent,19/12/2025,
WHITELIST,Titre,area manager,TRUE,1,Management zone,19/12/2025,
PENALTY,Titre,assistant,TRUE,-50,Sécurité anti-bruit,19/12/2025,
BLACKLIST,Titre,assistant,TRUE,1,Niveau hiérarchique trop bas,15/12/2025,
PENALTY,Description,assistant,TRUE,-50,Sécurité anti-bruit,15/12/2025,
BLACKLIST,Titre,assistante,TRUE,1,Niveau hiérarchique trop bas,20/12/2025,
BONUS,Titre,association,TRUE,5,Secteur associatif,19/12/2025,
BONUS,Description,association,TRUE,5,Secteur associatif,19/12/2025,
PENALTY,Description,astreintes,TRUE,-30,Contrainte horaire,20/12/2025,
WHITELIST,Titre,attaché,TRUE,2,Institutionnel (vérifier niveau),19/12/2025,
PENALTY,Contrat,auto-entrepreneur,TRUE,-40,Statut précaire,19/12/2025,
BLACKLIST,Titre,auxiliaire,TRUE,1,Niveau subalterne,19/12/2025,
WHITELIST,Entreprise,AVSF,TRUE,1,ONG agro vétérinaires,19/12/2025,
BLACKLIST,Entreprise,AXEO,TRUE,1,Réseau de franchises SAP,19/12/2025,
BLACKLIST,Description,bac pro,TRUE,1,Niveau diplôme insuffisant,19/12/2025,
BONUS,Description,bac+5,TRUE,0,Niveau master,19/12/2025,
BONUS,Description,bailleurs de fonds,TRUE,15,Connaissance secteur dev,19/12/2025,
WHITELIST,Entreprise,Banque Mondiale,TRUE,1,Institution financière cible,19/12/2025,
BONUS,Description,biodechets,TRUE,50,Protection environnement,19/12/2025,
BONUS,Entreprise,Biocoop,TRUE,10,Distribution bio,20/12/2025,
BONUS,Titre,biodechets,TRUE,50,Protection environnement,19/12/2025,
BONUS,Titre,biodiversité,TRUE,15,Protection environnement,18/12/2025,
BONUS,Description,biodiversité,TRUE,15,Protection environnement,19/12/2025,
BONUS,Titre,biodiversity,TRUE,23,Protection environnement (EN),20/12/2025,
BONUS,Description,biodiversity,TRUE,15,Protection environnement (EN),19/12/2025,
BONUS,Description,budget,TRUE,5,Responsabilité budgétaire,20/12/2025,
BLACKLIST,Description,caces obligatoire,TRUE,1,Logistique opérationnelle,19/12/2025,
BONUS,Description,cadre logique,TRUE,12,Méthodologie projet dev,19/12/2025,
BONUS,Description,cadre supérieur,TRUE,10,Niveau hiérarchique,19/12/2025,
BLACKLIST,Titre,caissier,TRUE,1,Commerce opérationnel,19/12/2025,
BLACKLIST,Titre,caissière,TRUE,1,Commerce opérationnel,19/12/2025,
BLACKLIST,Description,cap bep,TRUE,1,Niveau diplôme insuffisant,19/12/2025,
BONUS,Titre,capacity building,TRUE,18,Mot-clé expert dév international,19/12/2025,
BONUS,Description,capacity building,TRUE,25,Mot-clé expert dév international,19/12/2025,
BONUS,Titre,carbone,TRUE,10,Bilan carbone décarbonation,20/12/2025,
BONUS,Description,carbone,TRUE,10,Bilan carbone décarbonation,19/12/2025,
WHITELIST,Entreprise,CARE,TRUE,1,ONG développement majeure,20/12/2025,
BLACKLIST,Titre,cariste,TRUE,1,Logistique opérationnelle,19/12/2025,
BLACKLIST,Entreprise,Carrefour Proximité,TRUE,1,Réseau de franchises commerce,19/12/2025,
WHITELIST,Entreprise,CCFD,TRUE,1,ONG développement solidaire,19/12/2025,
PENALTY,Contrat,CDD,TRUE,-3,Moins stable que CDI,19/12/2025,
BONUS,Contrat,CDI,TRUE,25,Sécurité d'emploi,19/12/2025,
BLACKLIST,Entreprise,Centre Services,TRUE,1,Réseau de franchises SAP,,
BONUS,Description,certification,TRUE,5,Labels qualité,19/12/2025,
WHITELIST,Entreprise,CGIAR,TRUE,1,Consortium recherche agricole,19/12/2025,
BLACKLIST,Titre,chargé de clientèle,TRUE,2,Relation client (sauf grands comptes),19/12/2025,
WHITELIST,Titre,chargé de mission,TRUE,2,Mission spécifique (vérifier niveau),19/12/2025,
BLACKLIST,Titre,chauffeur,TRUE,1,Transport opérationnel,19/12/2025,
BLACKLIST,Titre,chef d'entreprise,TRUE,1,Souvent franchise déguisée,19/12/2025,
WHITELIST,Titre,chef de,TRUE,1,Niveau management,19/12/2025,
WHITELIST,Titre,chef de mission,TRUE,1,Vocabulaire ONG/Instit,19/12/2025,
WHITELIST,Titre,chef de projet,TRUE,1,Gestion projets,15/12/2025,
WHITELIST,Entreprise,CIMMYT,TRUE,1,Centre recherche maïs blé,19/12/2025,
WHITELIST,Entreprise,CIRAD,TRUE,1,Recherche agronomique internationale,19/12/2025,
BONUS,Titre,circular economy,TRUE,20,Expertise forte (EN),19/12/2025,
BONUS,Description,circular economy,TRUE,31,Expertise forte (EN),19/12/2025,
BONUS,Titre,climat,TRUE,12,Enjeux climatiques,20/12/2025,
BONUS,Description,climat,TRUE,12,Enjeux climatiques,19/12/2025,
BONUS,Description,CODIR,TRUE,15,Niveau direction,20/12/2025,
BONUS,Description,COMEX,TRUE,18,Niveau exécutif,19/12/2025,
BONUS,Description,comité de direction,TRUE,15,Niveau CODIR,19/12/2025,
BLACKLIST,Titre,commercial sédentaire,TRUE,1,Vente sédentaire,19/12/2025,
BLACKLIST,Titre,commercial terrain,TRUE,2,Profil exécutant non souhaité,19/12/2025,
BLACKLIST,Entreprise,Compagnie des Lavandières,TRUE,2,Vente terrain (sauf direction),15/12/2025,
BLACKLIST,Titre,comptable,TRUE,1,Réseau de franchises,19/12/2025,
BLACKLIST,Titre,conducteur,TRUE,2,Finance opérationnelle,19/12/2025,
BONUS,Description,conseil d'administration,TRUE,1,Transport opérationnel,19/12/2025,
BLACKLIST,Titre,conseiller clientèle,TRUE,15,Niveau gouvernance,19/12/2025,
WHITELIST,Titre,conseiller principal,TRUE,1,Relation client opérationnelle,19/12/2025,
WHITELIST,Titre,conseiller technique,TRUE,1,Senior advisor,19/12/2025,
WHITELIST,Titre,consultant senior,TRUE,1,Expertise technique,19/12/2025,
BONUS,Description,contexte international,TRUE,1,Positionnement expert,19/12/2025,
BONUS,Titre,coopération,TRUE,1,Positionnement expert,15/12/2025,
BONUS,Description,coopération,TRUE,1,Positionnement expert,19/12/2025,
BONUS,Entreprise,Coopérative,TRUE,10,International,20/12/2025,
WHITELIST,Titre,coordinateur,TRUE,10,Coopération internationale,19/12/2025,
WHITELIST,Titre,coordinatrice,TRUE,8,ESS,19/12/2025,
WHITELIST,Titre,country director,TRUE,1,Rôle clé en ONG/Assoc,19/12/2025,
WHITELIST,Titre,country manager,TRUE,1,Rôle clé en ONG/Assoc,15/12/2025,
PENALTY,Titre,courtier,TRUE,-13,Rôle clé en ONG/Assoc,19/12/2025,
BLACKLIST,Entreprise,Coviva,TRUE,1,Dimension internationale,19/12/2025,
BLACKLIST,Titre,créateur d'entreprise,TRUE,1,Dimension internationale,15/12/2025,
PENALTY,Description,créer votre agence,TRUE,-21,Dimension internationale,19/12/2025,
PENALTY,Description,créer votre entreprise,TRUE,-37,Dimension internationale,15/12/2025,
PENALTY,Description,créez votre entreprise,TRUE,-35,Secteur non ciblé,19/12/2025,
BLACKLIST,Entreprise,CRIT,TRUE,1,Secteur non ciblé,15/12/2025,
BONUS,Titre,CSR,TRUE,1,Réseau de franchises SAP,19/12/2025,
BONUS,Description,CSR,TRUE,1,Réseau de franchises SAP,19/12/2025,
BLACKLIST,Titre,cuisinier,TRUE,1,Franchise déguisée,20/12/2025,
BONUS,Entreprise,Danone,TRUE,1,Franchise,19/12/2025,
BLACKLIST,Titre,data analyst,TRUE,1,Franchise déguisée,19/12/2025,
BLACKLIST,Titre,débutant,TRUE,1,Franchise déguisée,19/12/2025,
BLACKLIST,Description,débutant accepté,TRUE,2,Interim,19/12/2025,
BONUS,Description,définir la stratégie,TRUE,15,Corporate Social Responsibility,19/12/2025,
WHITELIST,Titre,délégué général,TRUE,1,Restauration opérationnel,19/12/2025,
WHITELIST,Entreprise,Département,TRUE,8,Grand groupe engagé,19/12/2025,
BONUS,Description,déplacements fréquents,TRUE,10,Hors sujet / Niveau insuffisant,19/12/2025,
BONUS,Titre,développement durable,TRUE,32,Tech - hors compétence cible,15/12/2025,
BONUS,Description,développement durable,TRUE,26,Tech - hors compétence cible,19/12/2025,
BLACKLIST,Titre,développeur,TRUE,1,Niveau hiérarchique trop bas,20/12/2025,
PENALTY,Description,devenez patron,TRUE,-34,Indicateur de poste junior,19/12/2025,
PENALTY,Description,devenez votre propre patron,TRUE,-46,Indicateur de poste junior,19/12/2025,
PENALTY,Description,devenir franchisé,TRUE,-31,Responsabilité stratégique,15/12/2025,
BLACKLIST,Titre,devops,TRUE,1,Direction association,19/12/2025,
WHITELIST,Entreprise,DFID,TRUE,2,Collectivité territoriale,19/12/2025,
BONUS,Titre,digital,TRUE,-3,Contrainte mobilité,19/12/2025,
BONUS,Description,digital,TRUE,-3,Contrainte mobilité,19/12/2025,
WHITELIST,Titre,directeur,TRUE,10,Thématique centrale,20/12/2025,
WHITELIST,Titre,directeur adjoint,TRUE,15,Thématique centrale,15/12/2025,
BLACKLIST,Titre,directeur d'agence franchisé,TRUE,1,Hors compétence cible,19/12/2025,
WHITELIST,Titre,directeur de département,TRUE,1,Tech - hors compétence cible,15/12/2025,
WHITELIST,Titre,directeur de filiale,TRUE,1,Franchise déguisée,19/12/2025,
WHITELIST,Titre,directeur de pôle,TRUE,1,Franchise déguisée,19/12/2025,
WHITELIST,Titre,directeur de programme,TRUE,1,Franchise,19/12/2025,
BONUS,Titre,directeur de projet,TRUE,15,Tech - hors compétence cible,19/12/2025,
WHITELIST,Titre,directeur développement,TRUE,1,Coopération britannique,19/12/2025,
WHITELIST,Titre,directeur développement durable,TRUE,8,Transformation digitale,19/12/2025,
WHITELIST,Titre,directeur exécutif,TRUE,1,Cible niveau hiérarchique,19/12/2025,
WHITELIST,Titre,directeur général,TRUE,1,Direction,15/12/2025,
WHITELIST,Titre,directeur innovation,TRUE,1,Franchise,19/12/2025,
WHITELIST,Titre,directeur opérationnel,TRUE,1,Direction entité,19/12/2025,
WHITELIST,Titre,directeur pays,TRUE,1,Direction entité,19/12/2025,
BONUS,Titre,directeur régional,TRUE,13,Direction entité,19/12/2025,
WHITELIST,Titre,directeur RSE,TRUE,1,Gestion programmes,19/12/2025,
WHITELIST,Titre,directeur scientifique,TRUE,1,Direction projets,19/12/2025,
BONUS,Titre,directeur stratégie,TRUE,15,Direction développement,19/12/2025,
WHITELIST,Titre,directeur technique,TRUE,1,DD - cœur cible,19/12/2025,
WHITELIST,Titre,directrice,TRUE,1,Top management,19/12/2025,
PENALTY,Description,doctorat,TRUE,-20,Top management,19/12/2025,
BLACKLIST,Entreprise,Domaliance,TRUE,1,Direction innovation,19/12/2025,
BLACKLIST,Entreprise,Domidom,TRUE,1,Direction opérations,19/12/2025,
BONUS,Description,donors,TRUE,1,Direction internationale,19/12/2025,
BLACKLIST,Description,droit d'entrée,TRUE,1,Direction territoriale,19/12/2025,
BONUS,Entreprise,Ecocert,TRUE,1,Direction RSE - cœur cible,19/12/2025,
BONUS,Titre,économie circulaire,TRUE,50,Direction R&D,19/12/2025,
BONUS,Description,économie circulaire,TRUE,50,Direction R&D,19/12/2025,
BLACKLIST,Titre,employé,TRUE,1,Direction stratégique,20/12/2025,
BLACKLIST,Titre,employée,TRUE,1,Direction technique,19/12/2025,
BONUS,Description,encadrement d'équipe,TRUE,1,Cible niveau hiérarchique,19/12/2025,
BLACKLIST,Titre,entrepreneur,TRUE,8,Niveau expertise,19/12/2025,
BONUS,Titre,environment,TRUE,10,Réseau de franchises SAP,19/12/2025,
BONUS,Description,environment,TRUE,10,Réseau de franchises SAP,19/12/2025,
BONUS,Titre,environnement,TRUE,10,Réseau de franchises SAP,20/12/2025,
BONUS,Description,environnement,TRUE,20,Réseau de franchises SAP,19/12/2025,
BONUS,Description,environnement multiculturel,TRUE,15,Bailleurs (EN),20/12/2025,
BONUS,Description,équipe pluridisciplinaire,TRUE,1,Franchise,19/12/2025,
BONUS,Titre,ESG,TRUE,10,Certification bio,19/12/2025,
BONUS,Description,ESG,TRUE,10,Certification bio,19/12/2025,
BLACKLIST,Entreprise,ESN,TRUE,15,Expertise forte,20/12/2025,
BONUS,Entreprise,ESUS,TRUE,20,Expertise forte,15/12/2025,
WHITELIST,Entreprise,European Commission,TRUE,1,Niveau employé,19/12/2025,
BONUS,Description,evaluation,TRUE,1,Niveau employé,19/12/2025,
BLACKLIST,Entreprise,Expectra,TRUE,12,Management,19/12/2025,
BONUS,Description,expérience confirmée,TRUE,2,Souvent franchise,19/12/2025,
BONUS,Description,expérience internationale,TRUE,10,Thématique environnementale (EN),19/12/2025,
BONUS,Description,expérience significative,TRUE,10,Thématique environnementale,19/12/2025,
WHITELIST,Titre,expert,TRUE,8,International,19/12/2025,
WHITELIST,Titre,expert international,TRUE,10,Management transverse,19/12/2025,
WHITELIST,Titre,expert technique,TRUE,12,Critères extra-financiers,19/12/2025,
WHITELIST,Entreprise,FAO,TRUE,1,Souvent incompatible avec postes cadre sup,19/12/2025,
BLACKLIST,Entreprise,Feu Vert,TRUE,1,SSII souvent incompatible cadre sup,15/12/2025,
WHITELIST,Entreprise,FIDA,TRUE,10,Entreprise solidaire,19/12/2025,
BONUS,Titre,filière agricole,TRUE,21,Commission Européenne,19/12/2025,
BONUS,Description,filière agricole,TRUE,20,Commission Européenne,19/12/2025,
WHITELIST,Entreprise,FNE,TRUE,8,Évaluation projet,20/12/2025,
WHITELIST,Entreprise,FNH,TRUE,2,Interim,19/12/2025,
BONUS,Entreprise,Fondation,TRUE,12,Dimension internationale,19/12/2025,
BONUS,Titre,fondation,TRUE,26,Profil expérimenté,19/12/2025,
BONUS,Description,fondation,TRUE,8,Profil expérimenté,19/12/2025,
WHITELIST,Entreprise,Fondation GoodPlanet,TRUE,8,Profil expérimenté,20/12/2025,
BONUS,Titre,food security,TRUE,20,Positionnement expert,19/12/2025,
BONUS,Description,food security,TRUE,20,Positionnement expert,19/12/2025,
BONUS,Titre,food systems,TRUE,20,Dimension internationale,20/12/2025,
BONUS,Description,food systems,TRUE,20,Dimension internationale,19/12/2025,
BONUS,Titre,foundation,TRUE,20,Valorisant pour ton profil,20/12/2025,
BONUS,Description,foundation,TRUE,20,Valorisant pour ton profil,15/12/2025,
WHITELIST,Entreprise,France Nature Environnement,TRUE,1,Valorisant pour ton profil,20/12/2025,
BLACKLIST,Entreprise,FRANCHI DOM,TRUE,1,Cible prioritaire Agro,19/12/2025,
BLACKLIST,Titre,franchise,TRUE,1,Cible prioritaire Agro,15/12/2025,
BONUS,Titre,franchisé,TRUE,4,Réseau de franchises auto,19/12/2025,
BLACKLIST,Entreprise,Franprix,TRUE,1,Fonds International Dév Agricole,19/12/2025,
PENALTY,Contrat,freelance,TRUE,-4,Chaîne de valeur agricole,19/12/2025,
BONUS,Description,fundraising,TRUE,1,Fédération environnement,19/12/2025,
BLACKLIST,Titre,gardien,TRUE,1,Fondation Nicolas Hulot,19/12/2025,
BLACKLIST,Entreprise,Générale des Services,TRUE,8,Philanthropie,19/12/2025,
BLACKLIST,Titre,gérant,TRUE,10,Philanthropie,19/12/2025,
BLACKLIST,Titre,gérant mandataire,TRUE,1,Fondation environnement,19/12/2025,
BONUS,Description,gestion budgétaire,TRUE,18,Sécurité alimentaire (EN),19/12/2025,
BONUS,Description,gestion d'équipe,TRUE,15,Systèmes alimentaires (EN),19/12/2025,
PENALTY,Titre,gestionnaire de paie,TRUE,-24,Philanthropie (EN),19/12/2025,
WHITELIST,Entreprise,GIZ,TRUE,1,Fédération environnement,19/12/2025,
BONUS,Description,gouvernance,TRUE,1,Réseau de franchises SAP,19/12/2025,
BONUS,Description,grande école,TRUE,1,Offre de franchise pas de salariat,19/12/2025,
WHITELIST,Entreprise,Greenpeace,TRUE,1,Offre de franchise pas de salariat,19/12/2025,
WHITELIST,Entreprise,GRET,TRUE,1,Réseau de franchises commerce,19/12/2025,
WHITELIST,Entreprise,Handicap International,TRUE,-10,Moins prioritaire que CDI,19/12/2025,
WHITELIST,Titre,head of,TRUE,-5,Moins prioritaire que CDI/Contrat cadre,19/12/2025,
BLACKLIST,Titre,hôte,TRUE,10,Levée de fonds,15/12/2025,
PENALTY,Titre,hôtesse,TRUE,-24,Sécurité opérationnel,19/12/2025,
BONUS,Titre,humanitaire,TRUE,20,Réseau de franchises SAP,19/12/2025,
BONUS,Description,humanitaire,TRUE,20,Réseau de franchises SAP,19/12/2025,
BONUS,Titre,humanitarian,TRUE,20,Souvent franchise ou commerce,20/12/2025,
BONUS,Description,humanitarian,TRUE,20,Souvent franchise ou commerce,19/12/2025,
WHITELIST,Entreprise,Humanité & Inclusion,TRUE,1,Franchise déguisée,20/12/2025,
WHITELIST,Entreprise,ICRISAT,TRUE,5,Compétence cadre,19/12/2025,
WHITELIST,Entreprise,IFAD,TRUE,10,Compétence cadre,15/12/2025,
WHITELIST,Entreprise,IITA,TRUE,10,Management,19/12/2025,
BONUS,Titre,impact,TRUE,1,RH opérationnel,19/12/2025,
BONUS,Description,impact,TRUE,1,RH opérationnel,19/12/2025,
BONUS,Description,impact measurement,TRUE,1,Coopération allemande,20/12/2025,
PENALTY,Contrat,indépendant,TRUE,10,Niveau direction,19/12/2025,
BONUS,Description,indicateurs,TRUE,5,Formation élite,19/12/2025,
BLACKLIST,Titre,infirmier,TRUE,1,ONG environnement,19/12/2025,
BONUS,Description,ingénieur,TRUE,1,ONG développement technique,19/12/2025,
BONUS,Titre,innovation,TRUE,10,ONG développement,19/12/2025,
BONUS,Description,innovation,TRUE,10,ONG développement,19/12/2025,
WHITELIST,Entreprise,INRAE,TRUE,1,Cible niveau hiérarchique (Anglais),20/12/2025,
BONUS,Entreprise,Institut,TRUE,1,Cible niveau hiérarchique (Anglais),15/12/2025,
BLACKLIST,Titre,intégrateur,TRUE,1,Accueil/Commerce,19/12/2025,
PENALTY,Contrat,intérim,TRUE,1,Accueil/Commerce,19/12/2025,
BONUS,Titre,international,TRUE,8,Secteur humanitaire,19/12/2025,
BONUS,Description,international,TRUE,8,Secteur humanitaire,19/12/2025,
BLACKLIST,Description,investissement initial,TRUE,8,Secteur humanitaire (EN),20/12/2025,
BLACKLIST,Description,investissement personnel,TRUE,1,ONG développement,19/12/2025,
WHITELIST,Entreprise,IRD,TRUE,1,Centre recherche zones arides,19/12/2025,
WHITELIST,Entreprise,ISABU,TRUE,1,Fonds International Dév Agricole (EN),19/12/2025,
BONUS,Entreprise,ISABU,TRUE,1,Institut agriculture tropicale,19/12/2025,
BLACKLIST,Titre,junior,TRUE,10,Impact social/environnemental,19/12/2025,
BONUS,Description,KPI,TRUE,12,Mesure d'impact,19/12/2025,
BONUS,Description,label,TRUE,-10,Moins prioritaire que CDI,19/12/2025,
WHITELIST,Titre,lead,TRUE,3,Pilotage,19/12/2025,
BONUS,Description,levée de fonds,TRUE,10,Santé - autre secteur,19/12/2025,
BONUS,Description,levée de fonds en cours,TRUE,10,Niveau diplôme,19/12/2025,
BLACKLIST,Titre,livreur,TRUE,10,Domaine d'expertise,19/12/2025,
WHITELIST,Entreprise,LPO,TRUE,1,Recherche agronomique France,19/12/2025,
BONUS,Description,management d'équipe,TRUE,30,Institution recherche,19/12/2025,
BONUS,Description,management transversal,TRUE,1,Tech - hors compétence cible,19/12/2025,
WHITELIST,Titre,manager,TRUE,-15,Temporaire,19/12/2025,
BLACKLIST,Titre,mandataire,TRUE,8,Dimension internationale,19/12/2025,
BLACKLIST,Titre,manœuvre,TRUE,1,Investissement requis = franchise,19/12/2025,
BLACKLIST,Entreprise,Manpower,TRUE,1,Investissement requis = franchise,19/12/2025,
BLACKLIST,Titre,manutentionnaire,TRUE,1,Institut Recherche Développement,19/12/2025,
BONUS,Description,master,TRUE,1,Cible très spécifique Burundi,19/12/2025,
WHITELIST,Entreprise,Médecins du Monde,TRUE,20,Cible très spécifique mentionnée,19/12/2025,
BONUS,Description,membre du comité,TRUE,19,Cible très spécifique mentionnée,15/12/2025,
BONUS,Description,mesure d'impact,TRUE,4,Niveau hiérarchique trop bas,19/12/2025,
WHITELIST,Entreprise,Métropole,TRUE,1,Niveau hiérarchique trop bas,15/12/2025,
BLACKLIST,Description,mi-temps,TRUE,5,Indicateurs performance,19/12/2025,
BLACKLIST,Entreprise,Midas,TRUE,3,Certification,19/12/2025,
WHITELIST,Entreprise,Ministère,TRUE,2,Leadership (attention contexte),19/12/2025,
BONUS,Entreprise,Ministère,TRUE,10,Fundraising,19/12/2025,
PENALTY,Contrat,mission,TRUE,-5,Start-up early stage,19/12/2025,
BLACKLIST,Entreprise,Mister Minit,TRUE,1,Logistique opérationnelle,19/12/2025,
BONUS,Description,monitoring,TRUE,1,Protection oiseaux biodiversité,19/12/2025,
BONUS,Description,multi-acteurs,TRUE,10,Requis pour poste senior,19/12/2025,
BLACKLIST,Titre,négociateur immobilier,TRUE,12,Requis pour poste senior,15/12/2025,
BONUS,Titre,NGO,TRUE,12,Management matriciel,19/12/2025,
BONUS,Description,NGO,TRUE,20,Management matriciel,19/12/2025,
BLACKLIST,Description,niveau bts,TRUE,1,Management,20/12/2025,
BLACKLIST,Entreprise,Norauto,TRUE,1,Statut précaire / Indépendant,19/12/2025,
BONUS,Description,normes ISO,TRUE,1,Statut précaire/Indépendant,15/12/2025,
BONUS,Titre,nutrition,TRUE,1,BTP opérationnel,19/12/2025,
BONUS,Description,nutrition,TRUE,1,BTP opérationnel,19/12/2025,
BLACKLIST,Entreprise,O2,TRUE,2,Interim (sauf postes internes),20/12/2025,
WHITELIST,Entreprise,OFB,TRUE,1,Logistique opérationnelle,19/12/2025,
BONUS,Titre,ONG,TRUE,5,Niveau diplôme,19/12/2025,
BONUS,Description,ONG,TRUE,5,Niveau diplôme,19/12/2025,
WHITELIST,Entreprise,ONU,TRUE,1,ONG humanitaire,20/12/2025,
PENALTY,Titre,opérateur,TRUE,-18,Gouvernance,19/12/2025,
BLACKLIST,Titre,ouvrier,TRUE,12,Impact measurement,19/12/2025,
BLACKLIST,Description,ouvrir votre agence,TRUE,2,Collectivité territoriale,19/12/2025,
WHITELIST,Entreprise,OXFAM,TRUE,2,Temps partiel non souhaité,19/12/2025,
WHITELIST,Entreprise,PAM,TRUE,1,Réseau de franchises auto,19/12/2025,
BONUS,Titre,partenariats,TRUE,1,Secteur public France,19/12/2025,
BONUS,Description,partenariats,TRUE,1,Secteur public France,19/12/2025,
BONUS,Description,parties prenantes,TRUE,10,Secteur public cible,20/12/2025,
BONUS,Titre,partnerships,TRUE,15,Secteur public cible,15/12/2025,
BONUS,Description,partnerships,TRUE,15,Secteur public cible,19/12/2025,
BONUS,Entreprise,Patagonia,TRUE,-5,Temporaire,20/12/2025,
BONUS,Titre,patron,TRUE,14,Réseau de franchises services,19/12/2025,
PENALTY,Description,permis B obligatoire,TRUE,8,Suivi projet,19/12/2025,
BLACKLIST,Description,permis poids lourd,TRUE,10,Coordination complexe,19/12/2025,
BLACKLIST,Entreprise,Petit-fils,TRUE,1,Immobilier commercial,19/12/2025,
BONUS,Description,PhD,TRUE,10,Secteur associatif (EN),19/12/2025,
BONUS,Description,pilotage budgétaire,TRUE,2,Niveau diplôme insuffisant,19/12/2025,
BONUS,Description,pilotage d'équipe,TRUE,1,Réseau de franchises auto,19/12/2025,
WHITELIST,Titre,pilote,TRUE,5,Standards qualité,19/12/2025,
BONUS,Titre,plaidoyer,TRUE,10,Enjeux nutritionnels,19/12/2025,
BONUS,Description,plaidoyer,TRUE,10,Enjeux nutritionnels,19/12/2025,
PENALTY,Titre,plongeur,TRUE,-41,Réseau de franchises SAP,20/12/2025,
WHITELIST,Entreprise,PNUD,TRUE,1,Office Français Biodiversité,19/12/2025,
WHITELIST,Entreprise,PNUE,TRUE,10,Secteur associatif,19/12/2025,
BLACKLIST,Entreprise,Point S,TRUE,1,Cible prioritaire,19/12/2025,
BLACKLIST,Description,port de charges lourdes,TRUE,1,Cible prioritaire Nations Unies,15/12/2025,
BONUS,Description,poste de direction,TRUE,1,Niveau opérationnel,19/12/2025,
BLACKLIST,Description,première expérience,TRUE,1,Production opérationnelle,19/12/2025,
BLACKLIST,Titre,préparateur,TRUE,1,Franchise,19/12/2025,
WHITELIST,Titre,président,TRUE,1,ONG développement majeure,19/12/2025,
BLACKLIST,Description,profil junior,TRUE,1,Programme Alimentaire Mondial,19/12/2025,
WHITELIST,Titre,program manager,TRUE,10,Développement partenariats,19/12/2025,
WHITELIST,Titre,project manager,TRUE,8,Stakeholder management,19/12/2025,
BLACKLIST,Entreprise,Proman,TRUE,10,Développement partenariats (EN),19/12/2025,
BLACKLIST,Titre,promoteur des ventes,TRUE,10,Entreprise mission,19/12/2025,
BLACKLIST,Entreprise,Randstad,TRUE,1,Franchise déguisée,19/12/2025,
BLACKLIST,Titre,réceptionniste,TRUE,0,Contrainte logistique,19/12/2025,
BONUS,Titre,recyclage,TRUE,1,Transport routier,19/12/2025,
BONUS,Description,recyclage,TRUE,1,Transport routier,19/12/2025,
BLACKLIST,Description,redevance,TRUE,1,Réseau de franchises SAP,20/12/2025,
BONUS,Titre,réemploi,TRUE,8,Niveau expertise,19/12/2025,
BONUS,Description,réemploi,TRUE,8,Niveau expertise,19/12/2025,
WHITELIST,Entreprise,Région,TRUE,10,Compétence cadre,20/12/2025,
WHITELIST,Titre,regional manager,TRUE,10,Management,19/12/2025,
BLACKLIST,Description,rejoindre notre réseau,TRUE,1,Pilotage projets/programmes,19/12/2025,
BONUS,Description,relations institutionnelles,TRUE,8,Compétence politique/ONG,19/12/2025,
BONUS,Titre,renforcement capacités,TRUE,12,Compétence politique/ONG,15/12/2025,
BONUS,Description,renforcement capacités,TRUE,12,Compétence politique/ONG,19/12/2025,
BONUS,Description,reporting,TRUE,1,Restauration opérationnel,20/12/2025,
BLACKLIST,Titre,repreneur,TRUE,1,Cible prioritaire Dév,19/12/2025,
BONUS,Description,représentation,TRUE,1,Cible prioritaire Dév,15/12/2025,
BONUS,Titre,responsable,TRUE,8,Programme Environnement ONU (FR),19/12/2025,
BONUS,Titre,responsable d'agence franchisé,TRUE,6,Réseau de franchises auto,19/12/2025,
BLACKLIST,Description,royalties,TRUE,1,Travail physique,19/12/2025,
BONUS,Titre,RSE,TRUE,12,Niveau direction,19/12/2025,
BONUS,Description,RSE,TRUE,12,Niveau direction,19/12/2025,
BLACKLIST,Description,sans expérience,TRUE,1,Indicateur de poste junior,20/12/2025,
BONUS,Entreprise,SCIC,TRUE,1,Logistique opérationnelle,19/12/2025,
BONUS,Entreprise,SCOP,TRUE,1,Top management,19/12/2025,
WHITELIST,Entreprise,Secours Catholique,TRUE,1,Indicateur de poste junior,19/12/2025,
PENALTY,Titre,secrétaire,TRUE,-11,Gestion multi-projets,19/12/2025,
WHITELIST,Titre,secrétaire général,TRUE,1,Gestion multi-projets,15/12/2025,
BONUS,Titre,sécurité alimentaire,TRUE,1,Gestion projets,19/12/2025,
BONUS,Description,sécurité alimentaire,TRUE,1,Gestion projets,19/12/2025,
PENALTY,Description,seed,TRUE,2,Interim,20/12/2025,
BONUS,Titre,senior advisor,TRUE,9,Animation vente,19/12/2025,
PENALTY,Description,série A,TRUE,2,Interim (sauf postes internes),19/12/2025,
PENALTY,Titre,serveur,TRUE,-45,Accueil,19/12/2025,
BLACKLIST,Entreprise,Shiva,TRUE,10,Économie circulaire,19/12/2025,
BLACKLIST,Description,smic,TRUE,1,Franchise,19/12/2025,
WHITELIST,Entreprise,Solidarités International,TRUE,10,Économie circulaire,19/12/2025,
WHITELIST,Entreprise,SOS Faim,TRUE,2,Collectivité territoriale,19/12/2025,
BONUS,Titre,souveraineté alimentaire,TRUE,1,Management régional,19/12/2025,
BONUS,Description,souveraineté alimentaire,TRUE,1,Management régional,19/12/2025,
BLACKLIST,Entreprise,Spar,TRUE,2,Souvent franchise,20/12/2025,
BLACKLIST,Entreprise,Speedy,TRUE,10,Affaires publiques,19/12/2025,
BLACKLIST,Titre,stage,TRUE,18,Capacity building FR,19/12/2025,
BLACKLIST,Titre,stagiaire,TRUE,5,Suivi activité,19/12/2025,
BONUS,Description,stakeholders,TRUE,1,Reprise d'entreprise,19/12/2025,
BLACKLIST,Titre,standardiste,TRUE,8,Rôle institutionnel,19/12/2025,
PENALTY,Entreprise,Start-up,TRUE,1,Niveau management,19/12/2025,
PENALTY,Entreprise,Startup,TRUE,1,Franchise,19/12/2025,
BONUS,Description,stratégie,TRUE,15,Responsabilité Sociétale,19/12/2025,
BONUS,Titre,stratégie,TRUE,1,Franchise,19/12/2025,
BONUS,Description,stratégie,TRUE,1,Franchise,19/12/2025,
BONUS,Titre,strategy,TRUE,1,Indicateur de poste junior,20/12/2025,
BONUS,Description,strategy,TRUE,1,Indicateur de poste junior,19/12/2025,
BONUS,Titre,subsaharien,TRUE,29,ESS intérêt collectif,20/12/2025,
BONUS,Description,subsaharien,TRUE,10,ESS intérêt collectif,19/12/2025,
BONUS,Description,subventions,TRUE,8,ESS,20/12/2025,
BONUS,Description,suivi-évaluation,TRUE,1,ONG solidarité,19/12/2025,
BONUS,Titre,sustainability,TRUE,2,Administratif non cadre (sauf secrétaire général),19/12/2025,
BONUS,Description,sustainability,TRUE,2,Administratif non cadre (sauf secrétaire général),19/12/2025,
BONUS,Titre,sustainable agriculture,TRUE,1,Poste de direction transverse,20/12/2025,
BONUS,Description,sustainable agriculture,TRUE,1,Poste de direction transverse,19/12/2025,
BONUS,Titre,sustainable development,TRUE,24,Poste de direction transverse,20/12/2025,
BONUS,Description,sustainable development,TRUE,30,Poste de direction transverse,15/12/2025,
BLACKLIST,Entreprise,Synergie,TRUE,18,Food security,20/12/2025,
BONUS,Titre,systèmes alimentaires,TRUE,-5,Start-up early stage,19/12/2025,
BONUS,Description,systèmes alimentaires,TRUE,-5,Start-up early stage,19/12/2025,
WHITELIST,Titre,team leader,TRUE,1,Expertise senior,20/12/2025,
BLACKLIST,Titre,technicien,TRUE,-3,Start-up early stage,19/12/2025,
PENALTY,Titre,technicien de maintenance,TRUE,-17,Restauration opérationnel,19/12/2025,
BLACKLIST,Titre,technicienne,TRUE,1,Réseau de franchises ménage,19/12/2025,
PENALTY,Titre,téléconseiller,TRUE,-17,Salaire trop bas,19/12/2025,
PENALTY,Titre,téléprospecteur,TRUE,-20,ONG humanitaire,19/12/2025,
BLACKLIST,Titre,téléprospection,TRUE,1,ONG sécurité alimentaire,19/12/2025,
PENALTY,Description,télétravail impossible,TRUE,15,Autonomie alimentaire,19/12/2025,
PENALTY,Titre,télévendeur,TRUE,-16,Réseau de franchises commerce,19/12/2025,
BLACKLIST,Entreprise,Temporis,TRUE,1,Réseau de franchises auto,19/12/2025,
BLACKLIST,Description,temps partiel,TRUE,1,Type contrat non pertinent,19/12/2025,
BLACKLIST,Titre,testeur,TRUE,1,Type contrat non pertinent,15/12/2025,
BONUS,Description,théorie du changement,TRUE,1,Type contrat non pertinent,19/12/2025,
BONUS,Titre,transformation,TRUE,8,Parties prenantes,19/12/2025,
BONUS,Description,transformation,TRUE,8,Parties prenantes,19/12/2025,
BONUS,Titre,transition écologique,TRUE,20,Accueil téléphonique,20/12/2025,
BONUS,Description,transition écologique,TRUE,35,Accueil téléphonique,19/12/2025,
BONUS,Titre,transition énergétique,TRUE,-3,Risque stabilité,20/12/2025,
BONUS,Description,transition énergétique,TRUE,-3,Risque stabilité,19/12/2025,
BLACKLIST,Description,travail de nuit,TRUE,-3,Risque stabilité,20/12/2025,
BLACKLIST,Description,travail en 3x8,TRUE,10,Niveau de responsabilité,19/12/2025,
BLACKLIST,Description,travail posté,TRUE,10,Niveau stratégique,15/12/2025,
WHITELIST,Entreprise,UNDP,TRUE,12,Niveau de responsabilité,19/12/2025,
WHITELIST,Entreprise,UNEP,TRUE,12,Niveau de responsabilité (EN),19/12/2025,
WHITELIST,Entreprise,Union Européenne,TRUE,10,Zone géographique cible,19/12/2025,
WHITELIST,Entreprise,United Nations,TRUE,8,Financement projet,19/12/2025,
BONUS,Titre,upcycling,TRUE,12,M&E,19/12/2025,
BONUS,Description,upcycling,TRUE,25,M&E,19/12/2025,
WHITELIST,Entreprise,USAID,TRUE,15,Durabilité,20/12/2025,
BONUS,Titre,valorisation déchets,TRUE,38,Agro durable (EN),19/12/2025,
BONUS,Description,valorisation déchets,TRUE,40,Agro durable (EN),19/12/2025,
BLACKLIST,Titre,vendeur,TRUE,15,Thématique centrale (EN),20/12/2025,
BLACKLIST,Titre,vendeuse,TRUE,2,Interim,19/12/2025,
WHITELIST,Titre,vice-président,TRUE,15,Food systems,19/12/2025,
PENALTY,Titre,vigile,TRUE,-26,Leadership équipe,19/12/2025,
BONUS,Description,vision stratégique,TRUE,1,Niveau opérationnel technique,19/12/2025,
BLACKLIST,Entreprise,Vival,TRUE,1,Rôle opérationnel manuel,19/12/2025,
BLACKLIST,Entreprise,Vivaservices,TRUE,1,Niveau opérationnel technique,15/12/2025,
BLACKLIST,Description,votre propre patron,TRUE,1,Centre d'appels,19/12/2025,
WHITELIST,Titre,VP,TRUE,1,Centre d'appels,19/12/2025,
BONUS,Titre,waste management,TRUE,29,Tâche bas niveau,19/12/2025,
BONUS,Description,waste management,TRUE,25,Tâche bas niveau,15/12/2025,
BLACKLIST,Titre,webmaster,TRUE,-5,Contrainte géographique,20/12/2025,
WHITELIST,Entreprise,WFP,TRUE,1,Centre d'appels,19/12/2025,
WHITELIST,Entreprise,World Bank,TRUE,1,Interim,19/12/2025,
WHITELIST,Entreprise,WWF,TRUE,2,Temps partiel non souhaité,19/12/2025,